-- --------------------------------------------------------
-- Host:                         127.0.0.1
-- Server version:               5.7.33 - MySQL Community Server (GPL)
-- Server OS:                    Win64
-- HeidiSQL Version:             12.1.0.6537
-- --------------------------------------------------------

/*!40101 SET @OLD_CHARACTER_SET_CLIENT=@@CHARACTER_SET_CLIENT */;
/*!40101 SET NAMES utf8 */;
/*!50503 SET NAMES utf8mb4 */;
/*!40103 SET @OLD_TIME_ZONE=@@TIME_ZONE */;
/*!40103 SET TIME_ZONE='+00:00' */;
/*!40014 SET @OLD_FOREIGN_KEY_CHECKS=@@FOREIGN_KEY_CHECKS, FOREIGN_KEY_CHECKS=0 */;
/*!40101 SET @OLD_SQL_MODE=@@SQL_MODE, SQL_MODE='NO_AUTO_VALUE_ON_ZERO' */;
/*!40111 SET @OLD_SQL_NOTES=@@SQL_NOTES, SQL_NOTES=0 */;


-- Dumping database structure for hospisoft
CREATE DATABASE IF NOT EXISTS `hospisoft` /*!40100 DEFAULT CHARACTER SET latin1 */;
USE `hospisoft`;

-- Dumping structure for table hospisoft.detalleformula
CREATE TABLE IF NOT EXISTS `detalleformula` (
  `idetalle` int(11) NOT NULL AUTO_INCREMENT,
  `cantidad` int(11) NOT NULL,
  `posologia` varchar(250) DEFAULT NULL,
  `consecutivoFormula` int(11) DEFAULT NULL,
  `idItem` int(11) NOT NULL,
  PRIMARY KEY (`idetalle`),
  KEY `consecutivoFormula` (`consecutivoFormula`),
  KEY `fk_item` (`idItem`),
  CONSTRAINT `detalleformula_ibfk_1` FOREIGN KEY (`consecutivoFormula`) REFERENCES `formula` (`consecutivo`),
  CONSTRAINT `fk_item` FOREIGN KEY (`idItem`) REFERENCES `item` (`idItem`)
) ENGINE=InnoDB DEFAULT CHARSET=latin1;

-- Dumping data for table hospisoft.detalleformula: ~0 rows (approximately)

-- Dumping structure for table hospisoft.formula
CREATE TABLE IF NOT EXISTS `formula` (
  `consecutivo` int(11) NOT NULL AUTO_INCREMENT,
  `fecha` date DEFAULT NULL,
  `idpaciente` int(11) NOT NULL,
  `idmedico` int(11) NOT NULL,
  PRIMARY KEY (`consecutivo`),
  KEY `idpaciente` (`idpaciente`),
  CONSTRAINT `formula_ibfk_1` FOREIGN KEY (`idpaciente`) REFERENCES `paciente` (`idPaciente`),
  CONSTRAINT `formula_ibfk_2` FOREIGN KEY (`idpaciente`) REFERENCES `paciente` (`idPaciente`)
) ENGINE=InnoDB AUTO_INCREMENT=24 DEFAULT CHARSET=latin1;

-- Dumping data for table hospisoft.formula: ~21 rows (approximately)
INSERT INTO `formula` (`consecutivo`, `fecha`, `idpaciente`, `idmedico`) VALUES
	(1, '2022-09-22', 1, 4),
	(2, '2022-09-22', 1, 4),
	(3, '2022-09-22', 1, 4),
	(4, '2022-09-22', 1, 4),
	(5, '2022-09-22', 1, 4),
	(6, '2022-09-22', 1, 5),
	(7, '2022-09-22', 1, 5),
	(8, '2022-09-22', 1, 4),
	(9, '2022-09-26', 1, 4),
	(10, '2022-09-26', 1, 4),
	(11, '2022-09-26', 1, 4),
	(12, '2022-09-26', 1, 6),
	(13, '2022-09-26', 1, 6),
	(14, '2022-09-26', 1, 6),
	(15, '2022-09-26', 1, 6),
	(16, '2022-09-26', 1, 6),
	(17, '2022-09-26', 1, 6),
	(18, '2022-09-05', 1, 4),
	(19, '2022-09-05', 1, 4),
	(20, '2022-09-05', 1, 4),
	(21, '2022-09-05', 1, 4),
	(22, '2022-09-26', 1, 4),
	(23, '2022-09-27', 6, 4);

-- Dumping structure for table hospisoft.item
CREATE TABLE IF NOT EXISTS `item` (
  `idItem` int(11) NOT NULL AUTO_INCREMENT,
  `descripcion` varchar(250) CHARACTER SET utf8mb4 COLLATE utf8mb4_spanish2_ci NOT NULL,
  `existencia` int(11) NOT NULL,
  PRIMARY KEY (`idItem`)
) ENGINE=InnoDB AUTO_INCREMENT=11 DEFAULT CHARSET=latin1;

-- Dumping data for table hospisoft.item: ~10 rows (approximately)
INSERT INTO `item` (`idItem`, `descripcion`, `existencia`) VALUES
	(1, 'Acetaminofen 500 mg', 0),
	(2, 'Examen de colesterol', 0),
	(3, 'Atorvastatina 20 mg', 0),
	(4, 'Examen Sangre Globulos Blancos', 0),
	(5, 'Naproxeno', 0),
	(6, 'Losartan 500', 0),
	(7, 'Atorvastatina 40 mg', 0),
	(8, 'Loperamida', 0),
	(9, 'Salbutamol', 0),
	(10, 'Prueba de Embarazo en Sangre', 0);

-- Dumping structure for table hospisoft.medico
CREATE TABLE IF NOT EXISTS `medico` (
  `idMedico` int(11) NOT NULL AUTO_INCREMENT,
  `nombreMedico` varchar(200) NOT NULL,
  `apellidosMedico` varchar(250) NOT NULL,
  `emailMedico` varchar(250) NOT NULL,
  `especialidadMedico` varchar(150) NOT NULL,
  PRIMARY KEY (`idMedico`)
) ENGINE=InnoDB AUTO_INCREMENT=45 DEFAULT CHARSET=utf8mb4;

-- Dumping data for table hospisoft.medico: ~39 rows (approximately)
INSERT INTO `medico` (`idMedico`, `nombreMedico`, `apellidosMedico`, `emailMedico`, `especialidadMedico`) VALUES
	(4, 'German', 'Davila', 'a@gmail.com', 'Dermatólogia'),
	(5, 'JUAN', 'PEREZ', 'q@gmail.com', 'Internista'),
	(6, 'Pablo', 'Florez', 'a@gmail.com', 'Dermatólogia'),
	(7, 'Joaquin', 'Feliz', 'eee@gmail.com', 'Medicina General'),
	(8, 'Maria del Rosario', 'sss', 'walo@gmail.com', 'Medicina General'),
	(9, 'Pablo', 'Diaz', 'w@gmail.com', 'Medicina General'),
	(10, 'Luis', 'Davila', 'wa@gmail.com', 'Medicina General'),
	(11, 'mario', 'xalapa', 'q@gmail.com', 'Dermatólogia'),
	(12, 'Trina', 'Medina', 'a@gmail.com', 'Internista'),
	(13, 'Sandra', 'Mendez', 'q@gmail.com', 'Dermatólogia'),
	(14, 'Walter', 'Arias', 'a@gmail.com', 'Internista'),
	(15, 'Andrea', 'Aranda', 'w@gmail.com', 'Dermatólogia'),
	(16, 'Doctor', 'House', 'q@gmail.com', 'Dermatólogia'),
	(17, 'Alejandro', 'Morales', 'w@gmail.com', 'Dermatólogia'),
	(18, 'Pedro', 'Trejos', 'w@gmail.com', 'Dermatólogia'),
	(19, 'Ximena', 'Trejos', 'w@gmail.com', 'Internista'),
	(20, 'Jimmy', 'Restrepo', 'q@gmail.com', 'Medicina General'),
	(21, 'Alexis', 'Villegas', 'q@gmail.com', 'Medicina General'),
	(22, 'Jose Luis', 'Perez', 'q@gmail.com', 'Medicina General'),
	(23, 'Sebastian', 'Lopez', 'a@gmail.com', 'Medicina General'),
	(24, 'Trinidad', 'Torres', 'a@gmail.com', 'Medicina General'),
	(25, 'Consuelo', 'Restrepo Herrera', 'a@gmail.com', 'Medicina General'),
	(26, 'Alejandro', 'Renteria', 'a@gmail.com', 'Medicina General'),
	(27, 'Andres', 'Zapata', 'a@gmail.com', 'Medicina General'),
	(28, 'Andres', 'Gomez', 'a@gmail.com', 'Medicina General'),
	(29, 'Michael', 'Jackson', 'walosss@gmail.com', 'Dermatólogia'),
	(30, 'Michael', 'Jackson', 'walosss@gmail.com', 'Dermatólogia'),
	(31, 'Mateo', 'Mogollon', 'aa@gmail.com', 'Proctologia'),
	(32, 'Valentina', 'Velez', 'walosss@gmail.com', 'Podologia'),
	(33, 'Teresa', 'de Calcuta', 'walosss@gmail.com', 'Medicina General'),
	(34, 'Bladimir', 'Silva', 'eee@gmail.com', 'Podologia'),
	(35, 'Claudia', 'Quiñonez', 'walosss@gmail.com', 'Medicina General'),
	(36, 'Camila', 'Lozano', 'eee@gmail.com', 'Internista'),
	(37, 'Diego', 'Vargas', 'walosss@gmail.com', 'Medicina General'),
	(38, 'Johan', 'Muñoz', 'walosss@gmail.com', 'Dermatólogia'),
	(39, 'Alejandro', 'Rivera', 'qjj@gmail.com', 'Podologia'),
	(40, 'Wilson', 'Trey', 'otroemail@gmail.com', 'Medicina General'),
	(41, 'Joana', 'Jones', 'walosss@gmail.com', 'Podologia'),
	(42, 'Peter', 'Parker', 'spider@gmail.com', 'Dermatólogia'),
	(43, 'Clark', 'Kent', 'clark@kent.com', 'Podologia'),
	(44, 'Veronica', 'Vera', 'vero@gmail.com', 'Internista');

-- Dumping structure for table hospisoft.paciente
CREATE TABLE IF NOT EXISTS `paciente` (
  `idPaciente` int(11) NOT NULL AUTO_INCREMENT,
  `nombrePaciente` varchar(200) CHARACTER SET utf8 COLLATE utf8_spanish2_ci DEFAULT NULL,
  `apellidosPaciente` varchar(250) DEFAULT NULL,
  `emailPaciente` varchar(150) DEFAULT NULL,
  `telefonoPaciente` varchar(250) DEFAULT NULL,
  `movilPaciente` varchar(250) DEFAULT NULL,
  `fechaNacimiento` date DEFAULT NULL,
  `epsPaciente` varchar(250) DEFAULT NULL,
  `usuarioPaciente` varchar(250) DEFAULT NULL,
  `passwordPaciente` varchar(250) DEFAULT NULL,
  PRIMARY KEY (`idPaciente`)
) ENGINE=InnoDB AUTO_INCREMENT=501 DEFAULT CHARSET=utf8mb4;

-- Dumping data for table hospisoft.paciente: ~500 rows (approximately)
INSERT INTO `paciente` (`idPaciente`, `nombrePaciente`, `apellidosPaciente`, `emailPaciente`, `telefonoPaciente`, `movilPaciente`, `fechaNacimiento`, `epsPaciente`, `usuarioPaciente`, `passwordPaciente`) VALUES
	(1, 'Hermina', 'Cartwright', NULL, NULL, NULL, '2022-09-17', 'Sanitas', NULL, NULL),
	(2, 'Ryan', 'Wolff', NULL, NULL, NULL, NULL, NULL, NULL, NULL),
	(3, 'Mylene', 'Treutel', NULL, NULL, NULL, NULL, NULL, NULL, NULL),
	(4, 'Julia', 'Little', NULL, NULL, NULL, NULL, NULL, NULL, NULL),
	(5, 'Deon', 'Nitzsche', NULL, NULL, NULL, NULL, NULL, NULL, NULL),
	(6, 'Shaylee', 'Williamson', NULL, NULL, NULL, '2014-09-17', 'coomeva', NULL, NULL),
	(7, 'Savanah', 'Pagac', NULL, NULL, NULL, NULL, NULL, NULL, NULL),
	(8, 'Odell', 'Reynolds', NULL, NULL, NULL, NULL, NULL, NULL, NULL),
	(9, 'Eleanora', 'Mohr', NULL, NULL, NULL, NULL, NULL, NULL, NULL),
	(10, 'Lea', 'Walter', NULL, NULL, NULL, NULL, NULL, NULL, NULL),
	(11, 'Adell', 'Schiller', NULL, NULL, NULL, NULL, NULL, NULL, NULL),
	(12, 'Ashly', 'Pacocha', NULL, NULL, NULL, NULL, NULL, NULL, NULL),
	(13, 'Liana', 'Cormier', NULL, NULL, NULL, NULL, NULL, NULL, NULL),
	(14, 'Scot', 'Hirthe', NULL, NULL, NULL, NULL, NULL, NULL, NULL),
	(15, 'Jesus', 'Kassulke', NULL, NULL, NULL, NULL, NULL, NULL, NULL),
	(16, 'Maximillia', 'Considine', NULL, NULL, NULL, NULL, NULL, NULL, NULL),
	(17, 'Lina', 'Pagac', NULL, NULL, NULL, NULL, NULL, NULL, NULL),
	(18, 'Kenya', 'Spencer', NULL, NULL, NULL, NULL, NULL, NULL, NULL),
	(19, 'Abbey', 'Swift', NULL, NULL, NULL, NULL, NULL, NULL, NULL),
	(20, 'Columbus', 'Upton', NULL, NULL, NULL, NULL, NULL, NULL, NULL),
	(21, 'Collin', 'Heller', NULL, NULL, NULL, NULL, NULL, NULL, NULL),
	(22, 'Eriberto', 'Harber', NULL, NULL, NULL, NULL, NULL, NULL, NULL),
	(23, 'Kareem', 'Boyle', NULL, NULL, NULL, NULL, NULL, NULL, NULL),
	(24, 'Kayleigh', 'O\'Conner', NULL, NULL, NULL, NULL, NULL, NULL, NULL),
	(25, 'Ernie', 'Yundt', NULL, NULL, NULL, NULL, NULL, NULL, NULL),
	(26, 'Enid', 'Friesen', NULL, NULL, NULL, NULL, NULL, NULL, NULL),
	(27, 'Edna', 'Schaden', NULL, NULL, NULL, NULL, NULL, NULL, NULL),
	(28, 'Tara', 'Nitzsche', NULL, NULL, NULL, NULL, NULL, NULL, NULL),
	(29, 'Maye', 'Roob', NULL, NULL, NULL, NULL, NULL, NULL, NULL),
	(30, 'Janae', 'Bergstrom', NULL, NULL, NULL, NULL, NULL, NULL, NULL),
	(31, 'Elenora', 'Tillman', NULL, NULL, NULL, NULL, NULL, NULL, NULL),
	(32, 'Ulises', 'Langosh', NULL, NULL, NULL, NULL, NULL, NULL, NULL),
	(33, 'Trinity', 'Zboncak', NULL, NULL, NULL, NULL, NULL, NULL, NULL),
	(34, 'Retta', 'Kub', NULL, NULL, NULL, NULL, NULL, NULL, NULL),
	(35, 'Bettye', 'Kub', NULL, NULL, NULL, NULL, NULL, NULL, NULL),
	(36, 'Hermann', 'Smitham', NULL, NULL, NULL, NULL, NULL, NULL, NULL),
	(37, 'Ana', 'Auer', NULL, NULL, NULL, NULL, NULL, NULL, NULL),
	(38, 'Zackery', 'Bayer', NULL, NULL, NULL, NULL, NULL, NULL, NULL),
	(39, 'Cyril', 'Herzog', NULL, NULL, NULL, NULL, NULL, NULL, NULL),
	(40, 'Eve', 'Donnelly', NULL, NULL, NULL, NULL, NULL, NULL, NULL),
	(41, 'Kieran', 'Gislason', NULL, NULL, NULL, NULL, NULL, NULL, NULL),
	(42, 'Connor', 'Hoppe', NULL, NULL, NULL, NULL, NULL, NULL, NULL),
	(43, 'Earnestine', 'Cummings', NULL, NULL, NULL, NULL, NULL, NULL, NULL),
	(44, 'Ruth', 'Leuschke', NULL, NULL, NULL, NULL, NULL, NULL, NULL),
	(45, 'Karley', 'White', NULL, NULL, NULL, NULL, NULL, NULL, NULL),
	(46, 'Ludie', 'Lemke', NULL, NULL, NULL, NULL, NULL, NULL, NULL),
	(47, 'Daija', 'Gleason', NULL, NULL, NULL, NULL, NULL, NULL, NULL),
	(48, 'Margarete', 'Schowalter', NULL, NULL, NULL, NULL, NULL, NULL, NULL),
	(49, 'Romaine', 'Collier', NULL, NULL, NULL, NULL, NULL, NULL, NULL),
	(50, 'Holly', 'Hodkiewicz', NULL, NULL, NULL, NULL, NULL, NULL, NULL),
	(51, 'Callie', 'Larson', NULL, NULL, NULL, NULL, NULL, NULL, NULL),
	(52, 'Georgianna', 'Wuckert', NULL, NULL, NULL, NULL, NULL, NULL, NULL),
	(53, 'Oscar', 'Macejkovic', NULL, NULL, NULL, NULL, NULL, NULL, NULL),
	(54, 'Shyann', 'Willms', NULL, NULL, NULL, NULL, NULL, NULL, NULL),
	(55, 'Antonetta', 'Ernser', NULL, NULL, NULL, NULL, NULL, NULL, NULL),
	(56, 'Kirk', 'Douglas', NULL, NULL, NULL, NULL, NULL, NULL, NULL),
	(57, 'Holly', 'Bailey', NULL, NULL, NULL, NULL, NULL, NULL, NULL),
	(58, 'Vern', 'Abshire', NULL, NULL, NULL, NULL, NULL, NULL, NULL),
	(59, 'Erick', 'Douglas', NULL, NULL, NULL, NULL, NULL, NULL, NULL),
	(60, 'Jeanette', 'Thompson', NULL, NULL, NULL, NULL, NULL, NULL, NULL),
	(61, 'Jewell', 'Braun', NULL, NULL, NULL, NULL, NULL, NULL, NULL),
	(62, 'Walter', 'Ziemann', NULL, NULL, NULL, NULL, NULL, NULL, NULL),
	(63, 'Frederic', 'Upton', NULL, NULL, NULL, NULL, NULL, NULL, NULL),
	(64, 'Joelle', 'Kihn', NULL, NULL, NULL, NULL, NULL, NULL, NULL),
	(65, 'Althea', 'Feeney', NULL, NULL, NULL, NULL, NULL, NULL, NULL),
	(66, 'Allie', 'Rolfson', NULL, NULL, NULL, NULL, NULL, NULL, NULL),
	(67, 'Toy', 'Hettinger', NULL, NULL, NULL, NULL, NULL, NULL, NULL),
	(68, 'Makenna', 'Prosacco', NULL, NULL, NULL, NULL, NULL, NULL, NULL),
	(69, 'Stefan', 'Waters', NULL, NULL, NULL, NULL, NULL, NULL, NULL),
	(70, 'Claud', 'McCullough', NULL, NULL, NULL, NULL, NULL, NULL, NULL),
	(71, 'Osvaldo', 'Lindgren', NULL, NULL, NULL, NULL, NULL, NULL, NULL),
	(72, 'Lauretta', 'Mosciski', NULL, NULL, NULL, NULL, NULL, NULL, NULL),
	(73, 'Else', 'Langosh', NULL, NULL, NULL, NULL, NULL, NULL, NULL),
	(74, 'Werner', 'Bradtke', NULL, NULL, NULL, NULL, NULL, NULL, NULL),
	(75, 'Humberto', 'Wiza', NULL, NULL, NULL, NULL, NULL, NULL, NULL),
	(76, 'Lee', 'Fadel', NULL, NULL, NULL, NULL, NULL, NULL, NULL),
	(77, 'Cyrus', 'Spencer', NULL, NULL, NULL, NULL, NULL, NULL, NULL),
	(78, 'Bette', 'Conn', NULL, NULL, NULL, NULL, NULL, NULL, NULL),
	(79, 'Roy', 'Gislason', NULL, NULL, NULL, NULL, NULL, NULL, NULL),
	(80, 'Gino', 'Langosh', NULL, NULL, NULL, NULL, NULL, NULL, NULL),
	(81, 'Nayeli', 'Wisoky', NULL, NULL, NULL, NULL, NULL, NULL, NULL),
	(82, 'Maxie', 'Volkman', NULL, NULL, NULL, NULL, NULL, NULL, NULL),
	(83, 'Sophia', 'Labadie', NULL, NULL, NULL, NULL, NULL, NULL, NULL),
	(84, 'Lexus', 'Rosenbaum', NULL, NULL, NULL, NULL, NULL, NULL, NULL),
	(85, 'Dominic', 'Christiansen', NULL, NULL, NULL, NULL, NULL, NULL, NULL),
	(86, 'Lennie', 'Keeling', NULL, NULL, NULL, NULL, NULL, NULL, NULL),
	(87, 'Britney', 'Heaney', NULL, NULL, NULL, NULL, NULL, NULL, NULL),
	(88, 'Amari', 'Connelly', NULL, NULL, NULL, NULL, NULL, NULL, NULL),
	(89, 'Myrtie', 'Turner', NULL, NULL, NULL, NULL, NULL, NULL, NULL),
	(90, 'Audra', 'Leuschke', NULL, NULL, NULL, NULL, NULL, NULL, NULL),
	(91, 'Stuart', 'O\'Hara', NULL, NULL, NULL, NULL, NULL, NULL, NULL),
	(92, 'Laurianne', 'Kuhic', NULL, NULL, NULL, NULL, NULL, NULL, NULL),
	(93, 'Cullen', 'West', NULL, NULL, NULL, NULL, NULL, NULL, NULL),
	(94, 'Delaney', 'Kerluke', NULL, NULL, NULL, NULL, NULL, NULL, NULL),
	(95, 'Edwin', 'O\'Reilly', NULL, NULL, NULL, NULL, NULL, NULL, NULL),
	(96, 'Natalie', 'Skiles', NULL, NULL, NULL, NULL, NULL, NULL, NULL),
	(97, 'Jannie', 'Torp', NULL, NULL, NULL, NULL, NULL, NULL, NULL),
	(98, 'Loren', 'Emard', NULL, NULL, NULL, NULL, NULL, NULL, NULL),
	(99, 'Elaina', 'Ullrich', NULL, NULL, NULL, NULL, NULL, NULL, NULL),
	(100, 'Lexi', 'Hane', NULL, NULL, NULL, NULL, NULL, NULL, NULL),
	(101, 'Verla', 'Gerhold', NULL, NULL, NULL, NULL, NULL, NULL, NULL),
	(102, 'Cali', 'Cummings', NULL, NULL, NULL, NULL, NULL, NULL, NULL),
	(103, 'Oleta', 'Cartwright', NULL, NULL, NULL, NULL, NULL, NULL, NULL),
	(104, 'Winfield', 'Rolfson', NULL, NULL, NULL, NULL, NULL, NULL, NULL),
	(105, 'Leonardo', 'Will', NULL, NULL, NULL, NULL, NULL, NULL, NULL),
	(106, 'Lauren', 'Okuneva', NULL, NULL, NULL, NULL, NULL, NULL, NULL),
	(107, 'Zachery', 'Christiansen', NULL, NULL, NULL, NULL, NULL, NULL, NULL),
	(108, 'Hermina', 'Murazik', NULL, NULL, NULL, NULL, NULL, NULL, NULL),
	(109, 'Lacey', 'Borer', NULL, NULL, NULL, NULL, NULL, NULL, NULL),
	(110, 'Herminio', 'Crist', NULL, NULL, NULL, NULL, NULL, NULL, NULL),
	(111, 'Alessia', 'Carroll', NULL, NULL, NULL, NULL, NULL, NULL, NULL),
	(112, 'Vernon', 'Herman', NULL, NULL, NULL, NULL, NULL, NULL, NULL),
	(113, 'Haley', 'Dare', NULL, NULL, NULL, NULL, NULL, NULL, NULL),
	(114, 'Brielle', 'Dibbert', NULL, NULL, NULL, NULL, NULL, NULL, NULL),
	(115, 'Celine', 'Batz', NULL, NULL, NULL, NULL, NULL, NULL, NULL),
	(116, 'Kaley', 'Howe', NULL, NULL, NULL, NULL, NULL, NULL, NULL),
	(117, 'Cleo', 'Grant', NULL, NULL, NULL, NULL, NULL, NULL, NULL),
	(118, 'Geovanni', 'Wilkinson', NULL, NULL, NULL, NULL, NULL, NULL, NULL),
	(119, 'Korey', 'Considine', NULL, NULL, NULL, NULL, NULL, NULL, NULL),
	(120, 'Braeden', 'Beahan', NULL, NULL, NULL, NULL, NULL, NULL, NULL),
	(121, 'Kolby', 'Ankunding', NULL, NULL, NULL, NULL, NULL, NULL, NULL),
	(122, 'Arely', 'Langosh', NULL, NULL, NULL, NULL, NULL, NULL, NULL),
	(123, 'Garett', 'West', NULL, NULL, NULL, NULL, NULL, NULL, NULL),
	(124, 'Hugh', 'Williamson', NULL, NULL, NULL, NULL, NULL, NULL, NULL),
	(125, 'Sherman', 'Kirlin', NULL, NULL, NULL, NULL, NULL, NULL, NULL),
	(126, 'Adele', 'Stoltenberg', NULL, NULL, NULL, NULL, NULL, NULL, NULL),
	(127, 'Marisol', 'Kerluke', NULL, NULL, NULL, NULL, NULL, NULL, NULL),
	(128, 'Jayda', 'Lesch', NULL, NULL, NULL, NULL, NULL, NULL, NULL),
	(129, 'Noah', 'Aufderhar', NULL, NULL, NULL, NULL, NULL, NULL, NULL),
	(130, 'Shaina', 'Pouros', NULL, NULL, NULL, NULL, NULL, NULL, NULL),
	(131, 'Oswaldo', 'Kiehn', NULL, NULL, NULL, NULL, NULL, NULL, NULL),
	(132, 'Sister', 'Koelpin', NULL, NULL, NULL, NULL, NULL, NULL, NULL),
	(133, 'Sallie', 'Kirlin', NULL, NULL, NULL, NULL, NULL, NULL, NULL),
	(134, 'Nelson', 'Ortiz', NULL, NULL, NULL, NULL, NULL, NULL, NULL),
	(135, 'Ashlynn', 'Okuneva', NULL, NULL, NULL, NULL, NULL, NULL, NULL),
	(136, 'Sydni', 'Hackett', NULL, NULL, NULL, NULL, NULL, NULL, NULL),
	(137, 'Hazel', 'Hoppe', NULL, NULL, NULL, NULL, NULL, NULL, NULL),
	(138, 'Houston', 'Beier', NULL, NULL, NULL, NULL, NULL, NULL, NULL),
	(139, 'Elda', 'King', NULL, NULL, NULL, NULL, NULL, NULL, NULL),
	(140, 'Dagmar', 'Ferry', NULL, NULL, NULL, NULL, NULL, NULL, NULL),
	(141, 'Della', 'Kling', NULL, NULL, NULL, NULL, NULL, NULL, NULL),
	(142, 'Elta', 'Waelchi', NULL, NULL, NULL, NULL, NULL, NULL, NULL),
	(143, 'Terry', 'Lind', NULL, NULL, NULL, NULL, NULL, NULL, NULL),
	(144, 'Nelle', 'Kovacek', NULL, NULL, NULL, NULL, NULL, NULL, NULL),
	(145, 'Dannie', 'Hayes', NULL, NULL, NULL, NULL, NULL, NULL, NULL),
	(146, 'Diamond', 'Heaney', NULL, NULL, NULL, NULL, NULL, NULL, NULL),
	(147, 'Assunta', 'Hudson', NULL, NULL, NULL, NULL, NULL, NULL, NULL),
	(148, 'Ralph', 'Huel', NULL, NULL, NULL, NULL, NULL, NULL, NULL),
	(149, 'Jovani', 'Jerde', NULL, NULL, NULL, NULL, NULL, NULL, NULL),
	(150, 'Darby', 'Hilpert', NULL, NULL, NULL, NULL, NULL, NULL, NULL),
	(151, 'Willis', 'Daugherty', NULL, NULL, NULL, NULL, NULL, NULL, NULL),
	(152, 'Velda', 'Ankunding', NULL, NULL, NULL, NULL, NULL, NULL, NULL),
	(153, 'Milo', 'Schoen', NULL, NULL, NULL, NULL, NULL, NULL, NULL),
	(154, 'Jace', 'Armstrong', NULL, NULL, NULL, NULL, NULL, NULL, NULL),
	(155, 'Bessie', 'Pacocha', NULL, NULL, NULL, NULL, NULL, NULL, NULL),
	(156, 'Shanon', 'Beatty', NULL, NULL, NULL, NULL, NULL, NULL, NULL),
	(157, 'Davonte', 'Bogan', NULL, NULL, NULL, NULL, NULL, NULL, NULL),
	(158, 'Callie', 'Baumbach', NULL, NULL, NULL, NULL, NULL, NULL, NULL),
	(159, 'Ebony', 'Nader', NULL, NULL, NULL, NULL, NULL, NULL, NULL),
	(160, 'Guido', 'Considine', NULL, NULL, NULL, NULL, NULL, NULL, NULL),
	(161, 'Jazmyne', 'Waters', NULL, NULL, NULL, NULL, NULL, NULL, NULL),
	(162, 'Arianna', 'VonRueden', NULL, NULL, NULL, NULL, NULL, NULL, NULL),
	(163, 'Royce', 'Gleichner', NULL, NULL, NULL, NULL, NULL, NULL, NULL),
	(164, 'Ettie', 'Gerhold', NULL, NULL, NULL, NULL, NULL, NULL, NULL),
	(165, 'Jayme', 'Medhurst', NULL, NULL, NULL, NULL, NULL, NULL, NULL),
	(166, 'Gaylord', 'Balistreri', NULL, NULL, NULL, NULL, NULL, NULL, NULL),
	(167, 'Velda', 'Hauck', NULL, NULL, NULL, NULL, NULL, NULL, NULL),
	(168, 'Murl', 'Breitenberg', NULL, NULL, NULL, NULL, NULL, NULL, NULL),
	(169, 'Brooks', 'Feest', NULL, NULL, NULL, NULL, NULL, NULL, NULL),
	(170, 'Alessandro', 'Kreiger', NULL, NULL, NULL, NULL, NULL, NULL, NULL),
	(171, 'Bryana', 'Hilll', NULL, NULL, NULL, NULL, NULL, NULL, NULL),
	(172, 'Callie', 'Bayer', NULL, NULL, NULL, NULL, NULL, NULL, NULL),
	(173, 'Albina', 'Bruen', NULL, NULL, NULL, NULL, NULL, NULL, NULL),
	(174, 'Taurean', 'Parisian', NULL, NULL, NULL, NULL, NULL, NULL, NULL),
	(175, 'Delphia', 'Auer', NULL, NULL, NULL, NULL, NULL, NULL, NULL),
	(176, 'Pearl', 'Franecki', NULL, NULL, NULL, NULL, NULL, NULL, NULL),
	(177, 'Domenica', 'Grant', NULL, NULL, NULL, NULL, NULL, NULL, NULL),
	(178, 'Luz', 'Bechtelar', NULL, NULL, NULL, NULL, NULL, NULL, NULL),
	(179, 'Reba', 'Bechtelar', NULL, NULL, NULL, NULL, NULL, NULL, NULL),
	(180, 'Jeremy', 'Weber', NULL, NULL, NULL, NULL, NULL, NULL, NULL),
	(181, 'Raoul', 'Macejkovic', NULL, NULL, NULL, NULL, NULL, NULL, NULL),
	(182, 'Mason', 'Friesen', NULL, NULL, NULL, NULL, NULL, NULL, NULL),
	(183, 'Verner', 'Aufderhar', NULL, NULL, NULL, NULL, NULL, NULL, NULL),
	(184, 'Deborah', 'Ritchie', NULL, NULL, NULL, NULL, NULL, NULL, NULL),
	(185, 'Salvatore', 'Kozey', NULL, NULL, NULL, NULL, NULL, NULL, NULL),
	(186, 'Joaquin', 'Altenwerth', NULL, NULL, NULL, NULL, NULL, NULL, NULL),
	(187, 'Mary', 'Terry', NULL, NULL, NULL, NULL, NULL, NULL, NULL),
	(188, 'Brennan', 'Welch', NULL, NULL, NULL, NULL, NULL, NULL, NULL),
	(189, 'Soledad', 'Bosco', NULL, NULL, NULL, NULL, NULL, NULL, NULL),
	(190, 'Delaney', 'Hermiston', NULL, NULL, NULL, NULL, NULL, NULL, NULL),
	(191, 'Nona', 'Cole', NULL, NULL, NULL, NULL, NULL, NULL, NULL),
	(192, 'Winston', 'Grant', NULL, NULL, NULL, NULL, NULL, NULL, NULL),
	(193, 'Freeda', 'Beahan', NULL, NULL, NULL, NULL, NULL, NULL, NULL),
	(194, 'Kira', 'Murazik', NULL, NULL, NULL, NULL, NULL, NULL, NULL),
	(195, 'Nikita', 'Barton', NULL, NULL, NULL, NULL, NULL, NULL, NULL),
	(196, 'Demario', 'McKenzie', NULL, NULL, NULL, NULL, NULL, NULL, NULL),
	(197, 'Gina', 'Robel', NULL, NULL, NULL, NULL, NULL, NULL, NULL),
	(198, 'Shany', 'Wilkinson', NULL, NULL, NULL, NULL, NULL, NULL, NULL),
	(199, 'Talia', 'Blick', NULL, NULL, NULL, NULL, NULL, NULL, NULL),
	(200, 'Everardo', 'Gerhold', NULL, NULL, NULL, NULL, NULL, NULL, NULL),
	(201, 'Alisa', 'Zemlak', NULL, NULL, NULL, NULL, NULL, NULL, NULL),
	(202, 'Trenton', 'Fay', NULL, NULL, NULL, NULL, NULL, NULL, NULL),
	(203, 'Kailey', 'Gislason', NULL, NULL, NULL, NULL, NULL, NULL, NULL),
	(204, 'Kamron', 'Schiller', NULL, NULL, NULL, NULL, NULL, NULL, NULL),
	(205, 'Janie', 'Bergnaum', NULL, NULL, NULL, NULL, NULL, NULL, NULL),
	(206, 'Ofelia', 'Konopelski', NULL, NULL, NULL, NULL, NULL, NULL, NULL),
	(207, 'Alexys', 'Mohr', NULL, NULL, NULL, NULL, NULL, NULL, NULL),
	(208, 'Dawson', 'Kling', NULL, NULL, NULL, NULL, NULL, NULL, NULL),
	(209, 'Hertha', 'Fahey', NULL, NULL, NULL, NULL, NULL, NULL, NULL),
	(210, 'Francisco', 'Douglas', NULL, NULL, NULL, NULL, NULL, NULL, NULL),
	(211, 'Trevor', 'Wuckert', NULL, NULL, NULL, NULL, NULL, NULL, NULL),
	(212, 'Lizeth', 'Maggio', NULL, NULL, NULL, NULL, NULL, NULL, NULL),
	(213, 'Mariam', 'Gaylord', NULL, NULL, NULL, NULL, NULL, NULL, NULL),
	(214, 'Nicolette', 'McClure', NULL, NULL, NULL, NULL, NULL, NULL, NULL),
	(215, 'Jolie', 'Treutel', NULL, NULL, NULL, NULL, NULL, NULL, NULL),
	(216, 'Arthur', 'Kassulke', NULL, NULL, NULL, NULL, NULL, NULL, NULL),
	(217, 'Kareem', 'Mills', NULL, NULL, NULL, NULL, NULL, NULL, NULL),
	(218, 'Vivianne', 'Thompson', NULL, NULL, NULL, NULL, NULL, NULL, NULL),
	(219, 'Trisha', 'Bins', NULL, NULL, NULL, NULL, NULL, NULL, NULL),
	(220, 'Bella', 'Hayes', NULL, NULL, NULL, NULL, NULL, NULL, NULL),
	(221, 'Louisa', 'Kozey', NULL, NULL, NULL, NULL, NULL, NULL, NULL),
	(222, 'Helena', 'Kub', NULL, NULL, NULL, NULL, NULL, NULL, NULL),
	(223, 'Deborah', 'Bradtke', NULL, NULL, NULL, NULL, NULL, NULL, NULL),
	(224, 'Frieda', 'Anderson', NULL, NULL, NULL, NULL, NULL, NULL, NULL),
	(225, 'Abraham', 'Veum', NULL, NULL, NULL, NULL, NULL, NULL, NULL),
	(226, 'Clint', 'Larson', NULL, NULL, NULL, NULL, NULL, NULL, NULL),
	(227, 'Floy', 'Hessel', NULL, NULL, NULL, NULL, NULL, NULL, NULL),
	(228, 'Mikayla', 'Thompson', NULL, NULL, NULL, NULL, NULL, NULL, NULL),
	(229, 'Gonzalo', 'Hegmann', NULL, NULL, NULL, NULL, NULL, NULL, NULL),
	(230, 'Markus', 'Bayer', NULL, NULL, NULL, NULL, NULL, NULL, NULL),
	(231, 'Marielle', 'Gusikowski', NULL, NULL, NULL, NULL, NULL, NULL, NULL),
	(232, 'Afton', 'Sawayn', NULL, NULL, NULL, NULL, NULL, NULL, NULL),
	(233, 'Amelia', 'Ward', NULL, NULL, NULL, NULL, NULL, NULL, NULL),
	(234, 'Sydnee', 'Johnston', NULL, NULL, NULL, NULL, NULL, NULL, NULL),
	(235, 'Napoleon', 'Friesen', NULL, NULL, NULL, NULL, NULL, NULL, NULL),
	(236, 'Rhett', 'Kuhn', NULL, NULL, NULL, NULL, NULL, NULL, NULL),
	(237, 'Alan', 'Lockman', NULL, NULL, NULL, NULL, NULL, NULL, NULL),
	(238, 'Abel', 'Schimmel', NULL, NULL, NULL, NULL, NULL, NULL, NULL),
	(239, 'Dovie', 'White', NULL, NULL, NULL, NULL, NULL, NULL, NULL),
	(240, 'Kolby', 'Smith', NULL, NULL, NULL, NULL, NULL, NULL, NULL),
	(241, 'Elias', 'Bartell', NULL, NULL, NULL, NULL, NULL, NULL, NULL),
	(242, 'Alexandrine', 'Bins', NULL, NULL, NULL, NULL, NULL, NULL, NULL),
	(243, 'Pearline', 'Bashirian', NULL, NULL, NULL, NULL, NULL, NULL, NULL),
	(244, 'Wilma', 'Little', NULL, NULL, NULL, NULL, NULL, NULL, NULL),
	(245, 'Marty', 'Abshire', NULL, NULL, NULL, NULL, NULL, NULL, NULL),
	(246, 'Eve', 'Schmidt', NULL, NULL, NULL, NULL, NULL, NULL, NULL),
	(247, 'Marcelle', 'Maggio', NULL, NULL, NULL, NULL, NULL, NULL, NULL),
	(248, 'Donald', 'Nader', NULL, NULL, NULL, NULL, NULL, NULL, NULL),
	(249, 'Mekhi', 'Thiel', NULL, NULL, NULL, NULL, NULL, NULL, NULL),
	(250, 'Bridget', 'Bosco', NULL, NULL, NULL, NULL, NULL, NULL, NULL),
	(251, 'Darron', 'Jacobson', NULL, NULL, NULL, NULL, NULL, NULL, NULL),
	(252, 'Dedrick', 'Sawayn', NULL, NULL, NULL, NULL, NULL, NULL, NULL),
	(253, 'Ulices', 'Roob', NULL, NULL, NULL, NULL, NULL, NULL, NULL),
	(254, 'Kyleigh', 'Gibson', NULL, NULL, NULL, NULL, NULL, NULL, NULL),
	(255, 'Verlie', 'Reichel', NULL, NULL, NULL, NULL, NULL, NULL, NULL),
	(256, 'Katlyn', 'Konopelski', NULL, NULL, NULL, NULL, NULL, NULL, NULL),
	(257, 'Aliza', 'Adams', NULL, NULL, NULL, NULL, NULL, NULL, NULL),
	(258, 'Justus', 'Goldner', NULL, NULL, NULL, NULL, NULL, NULL, NULL),
	(259, 'Kirk', 'Lynch', NULL, NULL, NULL, NULL, NULL, NULL, NULL),
	(260, 'Humberto', 'Beer', NULL, NULL, NULL, NULL, NULL, NULL, NULL),
	(261, 'Josiah', 'Bogan', NULL, NULL, NULL, NULL, NULL, NULL, NULL),
	(262, 'Emmett', 'Anderson', NULL, NULL, NULL, NULL, NULL, NULL, NULL),
	(263, 'Hulda', 'Johnston', NULL, NULL, NULL, NULL, NULL, NULL, NULL),
	(264, 'Nyah', 'Kub', NULL, NULL, NULL, NULL, NULL, NULL, NULL),
	(265, 'Art', 'Pollich', NULL, NULL, NULL, NULL, NULL, NULL, NULL),
	(266, 'Maurine', 'Wyman', NULL, NULL, NULL, NULL, NULL, NULL, NULL),
	(267, 'Jayme', 'Schamberger', NULL, NULL, NULL, NULL, NULL, NULL, NULL),
	(268, 'Moriah', 'Nolan', NULL, NULL, NULL, NULL, NULL, NULL, NULL),
	(269, 'Myles', 'Orn', NULL, NULL, NULL, NULL, NULL, NULL, NULL),
	(270, 'Clinton', 'Runte', NULL, NULL, NULL, NULL, NULL, NULL, NULL),
	(271, 'Maeve', 'Bosco', NULL, NULL, NULL, NULL, NULL, NULL, NULL),
	(272, 'Jacynthe', 'Gulgowski', NULL, NULL, NULL, NULL, NULL, NULL, NULL),
	(273, 'Davin', 'Sauer', NULL, NULL, NULL, NULL, NULL, NULL, NULL),
	(274, 'Lionel', 'McLaughlin', NULL, NULL, NULL, NULL, NULL, NULL, NULL),
	(275, 'Elbert', 'Maggio', NULL, NULL, NULL, NULL, NULL, NULL, NULL),
	(276, 'Amelia', 'Bogan', NULL, NULL, NULL, NULL, NULL, NULL, NULL),
	(277, 'Bernardo', 'Mertz', NULL, NULL, NULL, NULL, NULL, NULL, NULL),
	(278, 'Dawn', 'Legros', NULL, NULL, NULL, NULL, NULL, NULL, NULL),
	(279, 'Serena', 'Kris', NULL, NULL, NULL, NULL, NULL, NULL, NULL),
	(280, 'Kody', 'Goldner', NULL, NULL, NULL, NULL, NULL, NULL, NULL),
	(281, 'Tatyana', 'Lynch', NULL, NULL, NULL, NULL, NULL, NULL, NULL),
	(282, 'Rose', 'King', NULL, NULL, NULL, NULL, NULL, NULL, NULL),
	(283, 'Keegan', 'Hegmann', NULL, NULL, NULL, NULL, NULL, NULL, NULL),
	(284, 'Geovanni', 'Lebsack', NULL, NULL, NULL, NULL, NULL, NULL, NULL),
	(285, 'Isom', 'Stoltenberg', NULL, NULL, NULL, NULL, NULL, NULL, NULL),
	(286, 'Trycia', 'Larkin', NULL, NULL, NULL, NULL, NULL, NULL, NULL),
	(287, 'Kane', 'Steuber', NULL, NULL, NULL, NULL, NULL, NULL, NULL),
	(288, 'Macie', 'West', NULL, NULL, NULL, NULL, NULL, NULL, NULL),
	(289, 'Alysha', 'Jones', NULL, NULL, NULL, NULL, NULL, NULL, NULL),
	(290, 'Leilani', 'Cummerata', NULL, NULL, NULL, NULL, NULL, NULL, NULL),
	(291, 'Margarette', 'Prohaska', NULL, NULL, NULL, NULL, NULL, NULL, NULL),
	(292, 'Troy', 'Jerde', NULL, NULL, NULL, NULL, NULL, NULL, NULL),
	(293, 'Jaydon', 'Dach', NULL, NULL, NULL, NULL, NULL, NULL, NULL),
	(294, 'Johann', 'Daugherty', NULL, NULL, NULL, NULL, NULL, NULL, NULL),
	(295, 'Chadrick', 'Bartoletti', NULL, NULL, NULL, NULL, NULL, NULL, NULL),
	(296, 'Howard', 'Ward', NULL, NULL, NULL, NULL, NULL, NULL, NULL),
	(297, 'Wilhelmine', 'Wilkinson', NULL, NULL, NULL, NULL, NULL, NULL, NULL),
	(298, 'Kaley', 'Howell', NULL, NULL, NULL, NULL, NULL, NULL, NULL),
	(299, 'America', 'Gleichner', NULL, NULL, NULL, NULL, NULL, NULL, NULL),
	(300, 'Kaela', 'O\'Connell', NULL, NULL, NULL, NULL, NULL, NULL, NULL),
	(301, 'Gianni', 'Price', NULL, NULL, NULL, NULL, NULL, NULL, NULL),
	(302, 'Candace', 'Runolfsdottir', NULL, NULL, NULL, NULL, NULL, NULL, NULL),
	(303, 'Zackery', 'Hermiston', NULL, NULL, NULL, NULL, NULL, NULL, NULL),
	(304, 'Brooks', 'Cormier', NULL, NULL, NULL, NULL, NULL, NULL, NULL),
	(305, 'Camila', 'Thiel', NULL, NULL, NULL, NULL, NULL, NULL, NULL),
	(306, 'Laron', 'Kutch', NULL, NULL, NULL, NULL, NULL, NULL, NULL),
	(307, 'Jadon', 'Hermiston', NULL, NULL, NULL, NULL, NULL, NULL, NULL),
	(308, 'Abigale', 'O\'Connell', NULL, NULL, NULL, NULL, NULL, NULL, NULL),
	(309, 'Zita', 'Hauck', NULL, NULL, NULL, NULL, NULL, NULL, NULL),
	(310, 'Sandy', 'McLaughlin', NULL, NULL, NULL, NULL, NULL, NULL, NULL),
	(311, 'Isaias', 'Kirlin', NULL, NULL, NULL, NULL, NULL, NULL, NULL),
	(312, 'Sandy', 'Pfannerstill', NULL, NULL, NULL, NULL, NULL, NULL, NULL),
	(313, 'Giles', 'Cronin', NULL, NULL, NULL, NULL, NULL, NULL, NULL),
	(314, 'Therese', 'Beatty', NULL, NULL, NULL, NULL, NULL, NULL, NULL),
	(315, 'Justice', 'Kilback', NULL, NULL, NULL, NULL, NULL, NULL, NULL),
	(316, 'Ed', 'Breitenberg', NULL, NULL, NULL, NULL, NULL, NULL, NULL),
	(317, 'Seamus', 'Gulgowski', NULL, NULL, NULL, NULL, NULL, NULL, NULL),
	(318, 'Emilio', 'Pacocha', NULL, NULL, NULL, NULL, NULL, NULL, NULL),
	(319, 'Joannie', 'Heathcote', NULL, NULL, NULL, NULL, NULL, NULL, NULL),
	(320, 'Estella', 'Wunsch', NULL, NULL, NULL, NULL, NULL, NULL, NULL),
	(321, 'Tabitha', 'Hirthe', NULL, NULL, NULL, NULL, NULL, NULL, NULL),
	(322, 'Rico', 'Bernier', NULL, NULL, NULL, NULL, NULL, NULL, NULL),
	(323, 'Kristin', 'Dach', NULL, NULL, NULL, NULL, NULL, NULL, NULL),
	(324, 'Johnnie', 'Howell', NULL, NULL, NULL, NULL, NULL, NULL, NULL),
	(325, 'Julianne', 'Daugherty', NULL, NULL, NULL, NULL, NULL, NULL, NULL),
	(326, 'Eldon', 'Dare', NULL, NULL, NULL, NULL, NULL, NULL, NULL),
	(327, 'Retha', 'Marvin', NULL, NULL, NULL, NULL, NULL, NULL, NULL),
	(328, 'Zackery', 'Dickens', NULL, NULL, NULL, NULL, NULL, NULL, NULL),
	(329, 'Eugenia', 'Mann', NULL, NULL, NULL, NULL, NULL, NULL, NULL),
	(330, 'Camila', 'Jakubowski', NULL, NULL, NULL, NULL, NULL, NULL, NULL),
	(331, 'Fritz', 'Schoen', NULL, NULL, NULL, NULL, NULL, NULL, NULL),
	(332, 'Beryl', 'Turner', NULL, NULL, NULL, NULL, NULL, NULL, NULL),
	(333, 'Archibald', 'Tremblay', NULL, NULL, NULL, NULL, NULL, NULL, NULL),
	(334, 'Juana', 'Champlin', NULL, NULL, NULL, NULL, NULL, NULL, NULL),
	(335, 'Barrett', 'Schiller', NULL, NULL, NULL, NULL, NULL, NULL, NULL),
	(336, 'Ozella', 'Hagenes', NULL, NULL, NULL, NULL, NULL, NULL, NULL),
	(337, 'Jamel', 'Rogahn', NULL, NULL, NULL, NULL, NULL, NULL, NULL),
	(338, 'Yadira', 'Emmerich', NULL, NULL, NULL, NULL, NULL, NULL, NULL),
	(339, 'Rupert', 'Gerhold', NULL, NULL, NULL, NULL, NULL, NULL, NULL),
	(340, 'Isaac', 'Herman', NULL, NULL, NULL, NULL, NULL, NULL, NULL),
	(341, 'Hardy', 'Grant', NULL, NULL, NULL, NULL, NULL, NULL, NULL),
	(342, 'Kyla', 'Fay', NULL, NULL, NULL, NULL, NULL, NULL, NULL),
	(343, 'Justice', 'Wyman', NULL, NULL, NULL, NULL, NULL, NULL, NULL),
	(344, 'Paula', 'Hodkiewicz', NULL, NULL, NULL, NULL, NULL, NULL, NULL),
	(345, 'Angela', 'Bergnaum', NULL, NULL, NULL, NULL, NULL, NULL, NULL),
	(346, 'Lacey', 'Langworth', NULL, NULL, NULL, NULL, NULL, NULL, NULL),
	(347, 'Collin', 'Oberbrunner', NULL, NULL, NULL, NULL, NULL, NULL, NULL),
	(348, 'Kelvin', 'Hegmann', NULL, NULL, NULL, NULL, NULL, NULL, NULL),
	(349, 'Sherwood', 'Padberg', NULL, NULL, NULL, NULL, NULL, NULL, NULL),
	(350, 'Mervin', 'Hauck', NULL, NULL, NULL, NULL, NULL, NULL, NULL),
	(351, 'Anita', 'Conn', NULL, NULL, NULL, NULL, NULL, NULL, NULL),
	(352, 'Abigayle', 'Schowalter', NULL, NULL, NULL, NULL, NULL, NULL, NULL),
	(353, 'Newton', 'Lubowitz', NULL, NULL, NULL, NULL, NULL, NULL, NULL),
	(354, 'Karson', 'Jenkins', NULL, NULL, NULL, NULL, NULL, NULL, NULL),
	(355, 'Vincenza', 'Mraz', NULL, NULL, NULL, NULL, NULL, NULL, NULL),
	(356, 'Trycia', 'Marks', NULL, NULL, NULL, NULL, NULL, NULL, NULL),
	(357, 'Guido', 'Romaguera', NULL, NULL, NULL, NULL, NULL, NULL, NULL),
	(358, 'Shanel', 'Pfeffer', NULL, NULL, NULL, NULL, NULL, NULL, NULL),
	(359, 'Dejon', 'Rempel', NULL, NULL, NULL, NULL, NULL, NULL, NULL),
	(360, 'Thora', 'Lueilwitz', NULL, NULL, NULL, NULL, NULL, NULL, NULL),
	(361, 'Elizabeth', 'Breitenberg', NULL, NULL, NULL, NULL, NULL, NULL, NULL),
	(362, 'Leila', 'Kshlerin', NULL, NULL, NULL, NULL, NULL, NULL, NULL),
	(363, 'Robb', 'Windler', NULL, NULL, NULL, NULL, NULL, NULL, NULL),
	(364, 'Tevin', 'Wolf', NULL, NULL, NULL, NULL, NULL, NULL, NULL),
	(365, 'Jabari', 'Kshlerin', NULL, NULL, NULL, NULL, NULL, NULL, NULL),
	(366, 'Kellen', 'Emard', NULL, NULL, NULL, NULL, NULL, NULL, NULL),
	(367, 'Al', 'Schmitt', NULL, NULL, NULL, NULL, NULL, NULL, NULL),
	(368, 'Nikko', 'Rempel', NULL, NULL, NULL, NULL, NULL, NULL, NULL),
	(369, 'Jessyca', 'Batz', NULL, NULL, NULL, NULL, NULL, NULL, NULL),
	(370, 'Edwina', 'Corwin', NULL, NULL, NULL, NULL, NULL, NULL, NULL),
	(371, 'Twila', 'Hudson', NULL, NULL, NULL, NULL, NULL, NULL, NULL),
	(372, 'Cassie', 'Hessel', NULL, NULL, NULL, NULL, NULL, NULL, NULL),
	(373, 'Nikko', 'Kub', NULL, NULL, NULL, NULL, NULL, NULL, NULL),
	(374, 'Rudy', 'Cormier', NULL, NULL, NULL, NULL, NULL, NULL, NULL),
	(375, 'Fay', 'Schumm', NULL, NULL, NULL, NULL, NULL, NULL, NULL),
	(376, 'Petra', 'Schumm', NULL, NULL, NULL, NULL, NULL, NULL, NULL),
	(377, 'Javon', 'Spinka', NULL, NULL, NULL, NULL, NULL, NULL, NULL),
	(378, 'Josiah', 'Krajcik', NULL, NULL, NULL, NULL, NULL, NULL, NULL),
	(379, 'Dorthy', 'Hermiston', NULL, NULL, NULL, NULL, NULL, NULL, NULL),
	(380, 'Shannon', 'Beatty', NULL, NULL, NULL, NULL, NULL, NULL, NULL),
	(381, 'King', 'Shields', NULL, NULL, NULL, NULL, NULL, NULL, NULL),
	(382, 'Amparo', 'Steuber', NULL, NULL, NULL, NULL, NULL, NULL, NULL),
	(383, 'Rocky', 'Mayert', NULL, NULL, NULL, NULL, NULL, NULL, NULL),
	(384, 'Randall', 'O\'Keefe', NULL, NULL, NULL, NULL, NULL, NULL, NULL),
	(385, 'Reta', 'Becker', NULL, NULL, NULL, NULL, NULL, NULL, NULL),
	(386, 'Amalia', 'Donnelly', NULL, NULL, NULL, NULL, NULL, NULL, NULL),
	(387, 'Vinnie', 'Hickle', NULL, NULL, NULL, NULL, NULL, NULL, NULL),
	(388, 'Emmy', 'Cole', NULL, NULL, NULL, NULL, NULL, NULL, NULL),
	(389, 'Domenica', 'Lesch', NULL, NULL, NULL, NULL, NULL, NULL, NULL),
	(390, 'Vaughn', 'Heaney', NULL, NULL, NULL, NULL, NULL, NULL, NULL),
	(391, 'Yolanda', 'Walker', NULL, NULL, NULL, NULL, NULL, NULL, NULL),
	(392, 'Nina', 'Predovic', NULL, NULL, NULL, NULL, NULL, NULL, NULL),
	(393, 'Ocie', 'Stehr', NULL, NULL, NULL, NULL, NULL, NULL, NULL),
	(394, 'Brown', 'Mertz', NULL, NULL, NULL, NULL, NULL, NULL, NULL),
	(395, 'Dan', 'Kautzer', NULL, NULL, NULL, NULL, NULL, NULL, NULL),
	(396, 'Julie', 'Feeney', NULL, NULL, NULL, NULL, NULL, NULL, NULL),
	(397, 'Marion', 'McDermott', NULL, NULL, NULL, NULL, NULL, NULL, NULL),
	(398, 'Aiyana', 'Considine', NULL, NULL, NULL, NULL, NULL, NULL, NULL),
	(399, 'Norma', 'Beier', NULL, NULL, NULL, NULL, NULL, NULL, NULL),
	(400, 'Velma', 'Murazik', NULL, NULL, NULL, NULL, NULL, NULL, NULL),
	(401, 'Antonietta', 'Schmitt', NULL, NULL, NULL, NULL, NULL, NULL, NULL),
	(402, 'Vena', 'Zulauf', NULL, NULL, NULL, NULL, NULL, NULL, NULL),
	(403, 'Tina', 'Corwin', NULL, NULL, NULL, NULL, NULL, NULL, NULL),
	(404, 'Vergie', 'Klein', NULL, NULL, NULL, NULL, NULL, NULL, NULL),
	(405, 'Ricardo', 'Rosenbaum', NULL, NULL, NULL, NULL, NULL, NULL, NULL),
	(406, 'Tremayne', 'Ferry', NULL, NULL, NULL, NULL, NULL, NULL, NULL),
	(407, 'Tamia', 'Schoen', NULL, NULL, NULL, NULL, NULL, NULL, NULL),
	(408, 'Eusebio', 'Dickinson', NULL, NULL, NULL, NULL, NULL, NULL, NULL),
	(409, 'Mariano', 'Blanda', NULL, NULL, NULL, NULL, NULL, NULL, NULL),
	(410, 'Hudson', 'Sanford', NULL, NULL, NULL, NULL, NULL, NULL, NULL),
	(411, 'Astrid', 'Reinger', NULL, NULL, NULL, NULL, NULL, NULL, NULL),
	(412, 'Rosalind', 'Johnston', NULL, NULL, NULL, NULL, NULL, NULL, NULL),
	(413, 'Edwina', 'Roberts', NULL, NULL, NULL, NULL, NULL, NULL, NULL),
	(414, 'Robb', 'Hilpert', NULL, NULL, NULL, NULL, NULL, NULL, NULL),
	(415, 'Christian', 'Reynolds', NULL, NULL, NULL, NULL, NULL, NULL, NULL),
	(416, 'Aliza', 'Boehm', NULL, NULL, NULL, NULL, NULL, NULL, NULL),
	(417, 'Rosalyn', 'Cronin', NULL, NULL, NULL, NULL, NULL, NULL, NULL),
	(418, 'Rosalee', 'Schaefer', NULL, NULL, NULL, NULL, NULL, NULL, NULL),
	(419, 'Gardner', 'Denesik', NULL, NULL, NULL, NULL, NULL, NULL, NULL),
	(420, 'Ellsworth', 'White', NULL, NULL, NULL, NULL, NULL, NULL, NULL),
	(421, 'Francesca', 'Corkery', NULL, NULL, NULL, NULL, NULL, NULL, NULL),
	(422, 'Elissa', 'Satterfield', NULL, NULL, NULL, NULL, NULL, NULL, NULL),
	(423, 'Jalen', 'Mueller', NULL, NULL, NULL, NULL, NULL, NULL, NULL),
	(424, 'Name', 'Thiel', NULL, NULL, NULL, NULL, NULL, NULL, NULL),
	(425, 'Jermaine', 'Jerde', NULL, NULL, NULL, NULL, NULL, NULL, NULL),
	(426, 'Bernadette', 'Feil', NULL, NULL, NULL, NULL, NULL, NULL, NULL),
	(427, 'Hassie', 'Sipes', NULL, NULL, NULL, NULL, NULL, NULL, NULL),
	(428, 'Bret', 'Batz', NULL, NULL, NULL, NULL, NULL, NULL, NULL),
	(429, 'Grayce', 'Barton', NULL, NULL, NULL, NULL, NULL, NULL, NULL),
	(430, 'Graham', 'Parker', NULL, NULL, NULL, NULL, NULL, NULL, NULL),
	(431, 'Louisa', 'Carroll', NULL, NULL, NULL, NULL, NULL, NULL, NULL),
	(432, 'Jessyca', 'Gutmann', NULL, NULL, NULL, NULL, NULL, NULL, NULL),
	(433, 'Elvis', 'Feest', NULL, NULL, NULL, NULL, NULL, NULL, NULL),
	(434, 'Lorine', 'O\'Connell', NULL, NULL, NULL, NULL, NULL, NULL, NULL),
	(435, 'Domenic', 'Bogan', NULL, NULL, NULL, NULL, NULL, NULL, NULL),
	(436, 'Aileen', 'Shields', NULL, NULL, NULL, NULL, NULL, NULL, NULL),
	(437, 'Jerome', 'Ziemann', NULL, NULL, NULL, NULL, NULL, NULL, NULL),
	(438, 'Kathlyn', 'Abernathy', NULL, NULL, NULL, NULL, NULL, NULL, NULL),
	(439, 'Rosemary', 'McDermott', NULL, NULL, NULL, NULL, NULL, NULL, NULL),
	(440, 'Nelson', 'Pouros', NULL, NULL, NULL, NULL, NULL, NULL, NULL),
	(441, 'Raquel', 'Rippin', NULL, NULL, NULL, NULL, NULL, NULL, NULL),
	(442, 'Joyce', 'Schuster', NULL, NULL, NULL, NULL, NULL, NULL, NULL),
	(443, 'Jocelyn', 'Eichmann', NULL, NULL, NULL, NULL, NULL, NULL, NULL),
	(444, 'Margarete', 'Fay', NULL, NULL, NULL, NULL, NULL, NULL, NULL),
	(445, 'Liliana', 'Herzog', NULL, NULL, NULL, NULL, NULL, NULL, NULL),
	(446, 'Rowena', 'Stamm', NULL, NULL, NULL, NULL, NULL, NULL, NULL),
	(447, 'Hanna', 'Block', NULL, NULL, NULL, NULL, NULL, NULL, NULL),
	(448, 'Marielle', 'Hilll', NULL, NULL, NULL, NULL, NULL, NULL, NULL),
	(449, 'Ezekiel', 'Mante', NULL, NULL, NULL, NULL, NULL, NULL, NULL),
	(450, 'Abigayle', 'Keebler', NULL, NULL, NULL, NULL, NULL, NULL, NULL),
	(451, 'Garret', 'Pfannerstill', NULL, NULL, NULL, NULL, NULL, NULL, NULL),
	(452, 'Margarette', 'Grimes', NULL, NULL, NULL, NULL, NULL, NULL, NULL),
	(453, 'Tristian', 'Hintz', NULL, NULL, NULL, NULL, NULL, NULL, NULL),
	(454, 'Veronica', 'Schiller', NULL, NULL, NULL, NULL, NULL, NULL, NULL),
	(455, 'Hassie', 'Lueilwitz', NULL, NULL, NULL, NULL, NULL, NULL, NULL),
	(456, 'Dortha', 'Schaefer', NULL, NULL, NULL, NULL, NULL, NULL, NULL),
	(457, 'Jude', 'Larson', NULL, NULL, NULL, NULL, NULL, NULL, NULL),
	(458, 'Roman', 'Rutherford', NULL, NULL, NULL, NULL, NULL, NULL, NULL),
	(459, 'Marc', 'O\'Keefe', NULL, NULL, NULL, NULL, NULL, NULL, NULL),
	(460, 'Jaylan', 'Orn', NULL, NULL, NULL, NULL, NULL, NULL, NULL),
	(461, 'Marge', 'Barrows', NULL, NULL, NULL, NULL, NULL, NULL, NULL),
	(462, 'Hillary', 'Graham', NULL, NULL, NULL, NULL, NULL, NULL, NULL),
	(463, 'Foster', 'Gibson', NULL, NULL, NULL, NULL, NULL, NULL, NULL),
	(464, 'Claudie', 'Corwin', NULL, NULL, NULL, NULL, NULL, NULL, NULL),
	(465, 'Odell', 'Mayer', NULL, NULL, NULL, NULL, NULL, NULL, NULL),
	(466, 'Michele', 'Torphy', NULL, NULL, NULL, NULL, NULL, NULL, NULL),
	(467, 'Chadrick', 'Wyman', NULL, NULL, NULL, NULL, NULL, NULL, NULL),
	(468, 'Isabelle', 'Denesik', NULL, NULL, NULL, NULL, NULL, NULL, NULL),
	(469, 'Daniela', 'Paucek', NULL, NULL, NULL, NULL, NULL, NULL, NULL),
	(470, 'Bernadine', 'Watsica', NULL, NULL, NULL, NULL, NULL, NULL, NULL),
	(471, 'Adrianna', 'Lynch', NULL, NULL, NULL, NULL, NULL, NULL, NULL),
	(472, 'Julian', 'Stracke', NULL, NULL, NULL, NULL, NULL, NULL, NULL),
	(473, 'Madelyn', 'Kassulke', NULL, NULL, NULL, NULL, NULL, NULL, NULL),
	(474, 'Alexie', 'McClure', NULL, NULL, NULL, NULL, NULL, NULL, NULL),
	(475, 'Beulah', 'Collier', NULL, NULL, NULL, NULL, NULL, NULL, NULL),
	(476, 'Reva', 'Daugherty', NULL, NULL, NULL, NULL, NULL, NULL, NULL),
	(477, 'Callie', 'Mitchell', NULL, NULL, NULL, NULL, NULL, NULL, NULL),
	(478, 'Urban', 'Pfannerstill', NULL, NULL, NULL, NULL, NULL, NULL, NULL),
	(479, 'Cassie', 'Kutch', NULL, NULL, NULL, NULL, NULL, NULL, NULL),
	(480, 'Maiya', 'Will', NULL, NULL, NULL, NULL, NULL, NULL, NULL),
	(481, 'Margaretta', 'Mohr', NULL, NULL, NULL, NULL, NULL, NULL, NULL),
	(482, 'Eliza', 'Torphy', NULL, NULL, NULL, NULL, NULL, NULL, NULL),
	(483, 'Domenic', 'Armstrong', NULL, NULL, NULL, NULL, NULL, NULL, NULL),
	(484, 'Sophie', 'Durgan', NULL, NULL, NULL, NULL, NULL, NULL, NULL),
	(485, 'Theresa', 'Brekke', NULL, NULL, NULL, NULL, NULL, NULL, NULL),
	(486, 'Alexie', 'Windler', NULL, NULL, NULL, NULL, NULL, NULL, NULL),
	(487, 'Dane', 'Hyatt', NULL, NULL, NULL, NULL, NULL, NULL, NULL),
	(488, 'Krystel', 'Howell', NULL, NULL, NULL, NULL, NULL, NULL, NULL),
	(489, 'Gilbert', 'Schimmel', NULL, NULL, NULL, NULL, NULL, NULL, NULL),
	(490, 'Branson', 'O\'Reilly', NULL, NULL, NULL, NULL, NULL, NULL, NULL),
	(491, 'Sierra', 'Quitzon', NULL, NULL, NULL, NULL, NULL, NULL, NULL),
	(492, 'Flavio', 'Bayer', NULL, NULL, NULL, NULL, NULL, NULL, NULL),
	(493, 'Casimer', 'Rolfson', NULL, NULL, NULL, NULL, NULL, NULL, NULL),
	(494, 'Christelle', 'Gottlieb', NULL, NULL, NULL, NULL, NULL, NULL, NULL),
	(495, 'Krista', 'King', NULL, NULL, NULL, NULL, NULL, NULL, NULL),
	(496, 'Clementine', 'Lakin', NULL, NULL, NULL, NULL, NULL, NULL, NULL),
	(497, 'Raina', 'Reinger', NULL, NULL, NULL, NULL, NULL, NULL, NULL),
	(498, 'Aylin', 'Reynolds', NULL, NULL, NULL, NULL, NULL, NULL, NULL),
	(499, 'Lucile', 'Bartoletti', NULL, NULL, NULL, NULL, NULL, NULL, NULL),
	(500, 'Jacky', 'Schamberger', NULL, NULL, NULL, NULL, NULL, NULL, NULL);

-- Dumping structure for table hospisoft.users
CREATE TABLE IF NOT EXISTS `users` (
  `iduser` int(11) NOT NULL AUTO_INCREMENT,
  `email` varchar(250) NOT NULL,
  `userName` varchar(200) DEFAULT NULL,
  `password` varchar(250) NOT NULL,
  PRIMARY KEY (`iduser`)
) ENGINE=InnoDB AUTO_INCREMENT=2 DEFAULT CHARSET=latin1;

-- Dumping data for table hospisoft.users: ~1 rows (approximately)
INSERT INTO `users` (`iduser`, `email`, `userName`, `password`) VALUES
	(1, 'waroson@gmail.com', 'waltarias\n', '$2y$10$c/F38KgtORzptPENOLFaHO2pzcTvw57Jyu/WlfuG6hrIPtE.7p3Sm');

/*!40103 SET TIME_ZONE=IFNULL(@OLD_TIME_ZONE, 'system') */;
/*!40101 SET SQL_MODE=IFNULL(@OLD_SQL_MODE, '') */;
/*!40014 SET FOREIGN_KEY_CHECKS=IFNULL(@OLD_FOREIGN_KEY_CHECKS, 1) */;
/*!40101 SET CHARACTER_SET_CLIENT=@OLD_CHARACTER_SET_CLIENT */;
/*!40111 SET SQL_NOTES=IFNULL(@OLD_SQL_NOTES, 1) */;
